id;name;mime_type;url;created_date;created_by
1;incidentally father;sour spirited;https://double-carol.biz;2024-08-06T16:42:30;sharply that
2;challenge;motherly kindly upward;https://icy-chub.biz/;2024-08-06T19:36:17;squirm uh-huh
3;patio;forecast what gosh;https://violent-tortoise.net;2024-08-06T01:13:53;openly sympathetically
4;woefully;yowza;https://elaborate-southeast.com;2024-08-06T16:21:57;beloved
5;instead;inwardly;https://sweet-show.name;2024-08-06T01:24:00;crinkle pill quarrelsome
6;terribly;gee;https://shadowy-marriage.name/;2024-08-06T21:58:07;cleverly
7;secretariat progress;yahoo;https://concrete-individual.info;2024-08-06T17:11:31;mount advanced when
8;uneven;wearily;https://incompatible-ligand.name;2024-08-06T07:20:30;which
9;guess fooey rare;mmm furthermore crossly;https://noteworthy-quarter.name/;2024-08-06T21:08:34;lest bah towards
10;pish ick;pish near deplore;https://same-charm.com/;2024-08-06T23:00:42;bifocals till clavicle
