id;name;description;priority;status;due_date;created_date;created_by;modified_date;modified_by
1;whole ignorant date;lost;HIGH;COMPLETED;2024-08-06;2024-08-06T22:48:39;hence oof sans;2024-08-06T02:04:33;sound
2;via why hose;kingfish openly why;LOW;ACTIVE;2024-08-06;2024-08-06T01:58:36;adjure above;2024-08-06T15:20:09;provided times snowsuit
3;even than;pitching;LOW;OVERDUE;2024-08-06;2024-08-06T22:12:28;gadzooks cautiously glistening;2024-08-06T23:08:26;personal innocently
4;counsel aha;except;MEDIUM;CANCELLED;2024-08-06;2024-08-06T17:48:06;but;2024-08-06T22:10:58;often failing including
5;abaft via save;nor lend;MEDIUM;ACTIVE;2024-08-06;2024-08-06T05:14:51;insomnia yearningly furthermore;2024-08-06T17:44:50;molar hake concerning
6;kindly gram tensely;acidic phooey yum;LOW;COMPLETED;2024-08-06;2024-08-06T20:22:26;savory cozy powerless;2024-08-06T18:17:07;entangle
7;hm;instantly;LOW;OVERDUE;2024-08-06;2024-08-06T20:57:58;finally ephemeris;2024-08-07T00:25:43;until actually
8;whenever yuck tough;gripper;MEDIUM;COMPLETED;2024-08-06;2024-08-06T20:43:17;which apud;2024-08-06T02:54:42;fondly
9;boo notwithstanding;oust victorious off;HIGH;COMPLETED;2024-08-06;2024-08-07T00:27:45;in heavily;2024-08-06T06:28:37;oblong batten
10;huzzah blot;along frequent;HIGH;CANCELLED;2024-08-06;2024-08-06T16:43:55;oh;2024-08-06T20:30:36;plump what
