id;name;created_date;created_by;modified_date;modified_by
1;finally sort;2024-08-06T04:15:32;during pish alongside;2024-08-06T20:02:38;unto per
2;someone;2024-08-06T18:38:44;caricature since reluctantly;2024-08-06T08:50:46;empty
3;leaflet;2024-08-06T01:54:03;that blah pension;2024-08-06T10:02:41;meanwhile except
4;exult freely;2024-08-06T05:12:39;tremendously some gadzooks;2024-08-06T09:55:39;diligent supposing elegant
5;midst since awesome;2024-08-06T09:14:40;broadly usually lest;2024-08-06T21:11:17;care scale
6;aboard stiff tired;2024-08-06T16:53:54;ugh tower regal;2024-08-06T03:37:10;chivalry concerning odd
7;hideous huzzah hashtag;2024-08-07T00:11:20;slowly jealously;2024-08-06T02:03:26;psst whoa
8;pinstripe inasmuch;2024-08-06T14:45:33;before tire;2024-08-06T10:13:12;yield to
9;um certainly;2024-08-06T22:25:38;slope;2024-08-06T17:41:49;harmful
10;rotten;2024-08-06T02:25:38;sweltering village;2024-08-06T20:19:26;concede
